{"cameraMode":{"drawMode":0,"name":"Shaded","section":"Shading Mode"},"sceneLighting":true,"audioPlay":false,"sceneViewState":{"showFog":true,"showMaterialUpdate":false,"showSkybox":true,"showFlares":true,"showImageEffects":true,"showParticleSystems":true},"in2DMode":false,"pivot":{"x":186.3295440673828,"y":-168.1392059326172,"z":261.4996643066406},"rotation":{"x":-0.2266404628753662,"y":-0.29618287086486819,"z":0.07267598062753678,"w":-0.925018310546875},"size":190.65347290039063,"orthographic":false}