{"cameraMode":{"drawMode":0,"name":"Shaded","section":"Shading Mode"},"sceneLighting":true,"audioPlay":false,"sceneViewState":{"showFog":true,"showMaterialUpdate":false,"showSkybox":true,"showFlares":true,"showImageEffects":true,"showParticleSystems":true},"in2DMode":false,"pivot":{"x":-5.982198238372803,"y":-1.2073003053665162,"z":0.8046194314956665},"rotation":{"x":0.570000946521759,"y":0.17983023822307588,"z":-0.12955886125564576,"w":0.7911900877952576},"size":9.66857624053955,"orthographic":false}