{"cameraMode":{"drawMode":0,"name":"Shaded","section":"Shading Mode"},"sceneLighting":true,"audioPlay":false,"sceneViewState":{"showFog":true,"showMaterialUpdate":false,"showSkybox":true,"showFlares":true,"showImageEffects":true,"showParticleSystems":true},"in2DMode":false,"pivot":{"x":22.70003890991211,"y":-3.797605514526367,"z":-2.6874241828918459},"rotation":{"x":-0.10172899812459946,"y":-0.7181618213653565,"z":0.1074354499578476,"w":-0.6799864172935486},"size":18.447002410888673,"orthographic":false}