{"cameraMode":{"drawMode":0,"name":"Shaded","section":"Shading Mode"},"sceneLighting":true,"audioPlay":false,"sceneViewState":{"showFog":true,"showMaterialUpdate":false,"showSkybox":true,"showFlares":true,"showImageEffects":true,"showParticleSystems":true},"in2DMode":false,"pivot":{"x":0.8807423114776611,"y":6.638103485107422,"z":8.856141090393067},"rotation":{"x":-0.007668201811611652,"y":-0.9414346218109131,"z":0.33643248677253725,"w":-0.021471170708537103},"size":1.1610798835754395,"orthographic":false}